number,title,state,author,created_at,updated_at,comments,labels,assignees,url,body
611,Ineffectiveness of ``REGCA1.u``,open,jinningwang,2025-05-13T19:25:54Z,2025-05-13T19:27:23Z,0,"bug, low-priority",jinningwang,https://github.com/CURENT/andes/issues/611,"**Describe the bug**  Model ``REGCA1`` online status ``u`` is ineffective.  Observation: after tripping the REGCA1 by setting REGCA1.u = 0 at 10s, the tripped REGCA1 and attached REECA1, WTDS, and REPCA1 are still online.  **To Reproduce**  A jupyter notebook is available at: https://github.com/CURENT/demo/blob/master/demo/misc/REGCA1_u.ipynb  **Expected behavior**  A clear and concise description of what you expected to happen.  **Desktop (please complete the following information):**   - OS: ["
605,Request help with new model development ``IEEEG1PW``,open,jinningwang,2025-04-28T03:26:37Z,2025-04-28T03:26:37Z,0,help wanted,cuihantao,https://github.com/CURENT/andes/issues/605,"**Is your feature request related to a problem? Please describe.**  Implement [PowerWorld - IEEEG1](https://www.powerworld.com/WebHelp/Content/TransientModels_HTML/Governor%20IEEEG1,%20IEEEG1D%20and%20IEEEG1_GE.htm) by extend the existing IEEEG1 with a piecewise block ``GV``  **Describe the solution you'd like**  A ready-to-run example is: https://github.com/CURENT/demo/blob/master/demo/IEEEG1PW/IEEEG1PW.ipynb  My trouble:  1. Failed to fix TDS initialization error of Piecewise ``GV``   I also t"
603,WTDTA1 Htfrac is set to be ``power`` based,open,jinningwang,2025-04-22T19:34:07Z,2025-05-13T19:29:14Z,1,bug,jinningwang,https://github.com/CURENT/andes/issues/603,"**Describe the bug**  WTDTA1 Htfrac should be a fraction, rather than power-based  https://github.com/CURENT/andes/blob/ce1a5124042aa5db3cfab6e64f18bb575908aa53/andes/models/renewable/wtdta1.py#L32-L36  **To Reproduce**  Update data files and code for reproducing the error.  If you need to insert code inline, use a pair of triple backticks to format:      ```python     Code goes here     ```  **Expected behavior**  A clear and concise description of what you expected to happen.  **Desktop (pleas"
601,Enhancement on logging message,open,jinningwang,2025-04-21T18:49:28Z,2025-04-28T17:30:49Z,0,"enhancement, low-priority",jinningwang,https://github.com/CURENT/andes/issues/601,"**Is your feature request related to a problem? Please describe.** In file loading stage, some logging messages are repetitive, especially when the case size is large.  **Describe the solution you'd like** - [x] In file loading stage, log only one time for the parameter correction for devices in one same model. - [x] In TDS initialization process, skip messaging “out of typical range” for offline devices  **Describe alternatives you've considered** A clear and concise description of any alternat"
600,Some enhancements on compatibility with PSS/E and MATPOWER,open,jinningwang,2025-04-21T18:43:57Z,2025-06-02T14:57:38Z,2,"enhancement, low-priority, models",jinningwang,https://github.com/CURENT/andes/issues/600,**Is your feature request related to a problem? Please describe.** Interoperation with PSS/E and MATPOWER.  **Describe the solution you'd like** Functions to export PSS/E dict to DYR file.  - [x] A function to write MATPOEWR mpc to M file. - [x] A function to write Power Flow data to RAW file. - [ ] A function to write PSSE dict to DYR file. - [ ] A function to replace unsupported models with supported ones  **Describe alternatives you've considered** A clear and concise description of any alter
595,A potential unexpected behavior in ``model.set`` when idx is integer,closed,jinningwang,2025-04-05T16:33:29Z,2025-04-08T14:18:15Z,3,enhancement,jinningwang,https://github.com/CURENT/andes/issues/595,"**Describe the bug**  Error info:  ```bash --------------------------------------------------------------------------- TypeError                                 Traceback (most recent call last) Cell In[11], line 1 ----> 1 ss.GENROU.set(src='coi', attr='v', idx=[1, 2],       2               value=('COI_1', 'COI_1'))  File ~/work/miniconda3/envs/amsre/lib/python3.12/site-packages/andes/core/model/model.py:511, in Model.set(self, src, idx, attr, value)     508 uid = self.idx2uid(idx)     509 insta"
592,pip install: kvxopt has undefined symbols,closed,carlpaten,2025-03-03T17:32:45Z,2025-03-03T18:21:13Z,2,bug,cuihantao,https://github.com/CURENT/andes/issues/592,"**Describe the bug**  Under Python 3.9.21, in a fresh repository, installing andes via pip fails to produce a working installation. [Repro here.](https://github.com/carlpaten/andes-repro)  **To Reproduce**  [Repro here.](https://github.com/carlpaten/andes-repro) Or:  - Create a new project with a Python 3.9.21 venv - `pip install andes` - `python -c ""import andes""`  Output:  ``` Traceback (most recent call last):   File ""<string>"", line 1, in <module>   File ""/Users/carl/Projects/andes-repro/.ve"
587,TDS run into error when store_z,closed,jinningwang,2024-12-15T15:28:53Z,2024-12-15T16:15:07Z,4,bug,cuihantao,https://github.com/CURENT/andes/issues/587,"**Describe the bug**  When turning on TDS.config.store_z, TDS run into bug  **To Reproduce**  ```python ss = andes.load(andes.get_case('5bus/pjm5bus.xlsx'),                 setup=True, default_config=True, no_output=True)  ss.PFlow.run()  ss.TDS.config.tf = 50 ss.TDS.config.no_tqdm = True ss.TDS.config.store_z = 1  _ = ss.TDS.init()  ss.TDS.run() ```  Error info: ```bash Initialization for dynamics completed in 0.0135 seconds. Initialization was successful.  -> Time Domain Simulation Summary: Sp"
585,Wording issue in model ``ACEc``,closed,jinningwang,2024-12-10T22:03:42Z,2024-12-14T02:02:36Z,1,enhancement,jinningwang,https://github.com/CURENT/andes/issues/585,"**Describe the bug**  There seems to be a trivial wording issue with the model ``ACEc``. Given NERC's definition (Balancing and Freuqneyc Control - Bias (B) vs. Frequency Response (Beta), available at: https://www.nerc.com/comm/OC/BAL0031_Supporting_Documents_2017_DL/NERC%20Balancing%20and%20Frequency%20Control%20040520111.pdf)  > There is often confusion in the Industry when discussing Frequency Bias and Frequency Response. Even though there are similarities between the two terms, Frequency Bia"
583,Unexpected response of ``TGOV1`` series,closed,jinningwang,2024-12-05T02:00:30Z,2024-12-05T04:51:03Z,4,bug,,https://github.com/CURENT/andes/issues/583,"**Describe the bug**  I expect following two groups should response the same when dbL and dbU are zeros: 1) TGOV1N vs. TGOV1NDB; 2) TGOV1 vs. TGOV1DB  But they are different, did I misunderstand anything?  ![image](https://github.com/user-attachments/assets/cf465690-4d1d-48a9-9eb7-2ed0ed9d0a3f)   **To Reproduce**  More can be seen in this demo: https://github.com/CURENT/demo/blob/master/demo/TGOV1/TGOV1_variants.ipynb  **Expected behavior**  A clear and concise description of what you expected t"
579,Add an option to keep changed parameters,closed,jinningwang,2024-11-13T17:12:10Z,2024-11-28T03:39:26Z,9,enhancement,jinningwang,https://github.com/CURENT/andes/issues/579,"**Is your feature request related to a problem? Please describe.** N/A  **Describe the solution you'd like** For easier usage, we can add an option in the IO module to allow ""overwrite original values"". Thus, users can save all the changes they have made through ""Mode.set"". into the exported case file.  Proposed development:  Add a parameter `save_changes=False` to func ""write()"" If true, overwrite the `Param.vin` by per unit conversion of `Param.v`  **Describe alternatives you've considered** N"
571,Assign area and owner for equivalent star bus from three-winding transformer,closed,jinningwang,2024-10-03T12:48:40Z,2024-10-05T16:38:34Z,0,enhancement,,https://github.com/CURENT/andes/issues/571,"**Is your feature request related to a problem? Please describe.** When three-winding transformer exists, there will be equivalent star bus created. Those buses do not have assigned area/owner/zone.  **Describe the solution you'd like** Automatically assign the created bus area/owner/zone using the corresponding high-voltage side values.  **Describe alternatives you've considered** A clear and concise description of any alternative solutions or features you've considered.  **Additional context**"
570,Clarify `PFlow` solution,closed,jinningwang,2024-09-30T16:23:25Z,2024-10-05T16:38:40Z,0,enhancement,,https://github.com/CURENT/andes/issues/570,"**Is your feature request related to a problem? Please describe.** N/A  **Describe the solution you'd like** Add following clarification in PFlow docstring and example [Simulate and Plot - Run power flow by default](https://docs.andes.app/en/latest/_examples/ex1.html#run-power-flow-by-default)  In power flow analysis (`PFlow`), ANDES has reactive power limits for generators (see documentation of `PV` for more details). However, given the nature of power flow, the solution can still be different "
569,Add a new type of service `TimeseriesService`,closed,jinningwang,2024-09-30T16:15:43Z,2025-05-02T01:49:04Z,11,enhancement,,https://github.com/CURENT/andes/issues/569,"**Is your feature request related to a problem? Please describe.** N/A  **Describe the solution you'd like** A new type of *Service* or *Variable* ``TimeseriesService`` to lazy evaluating given expression, for value accessing and plotting. This enhancement can reduce unnecessary calculation burden in DAE.  For example, ``GENROU.Pe`` is now an ``Algeb`` being calculated in DAE, but it is mainly used in plotting after simulation.  https://github.com/CURENT/andes/blob/5ab784b75347a98d07c004e32d7c4b"
568,Add a method `get_idx()` to group,closed,jinningwang,2024-09-30T16:04:31Z,2024-10-05T16:38:50Z,0,enhancement,,https://github.com/CURENT/andes/issues/568,"**Is your feature request related to a problem? Please describe.** N/A  **Describe the solution you'd like** A method `GroupBase.get_idx()`, it returns all existing idxes in a group.  Better cross group indexing for users/AMS  **Describe alternatives you've considered** Below method returns an available idx for new devices. https://github.com/CURENT/andes/blob/5ab784b75347a98d07c004e32d7c4b39d407ea2e/andes/models/group.py#L352-L356  **Additional context** Move following AMS's implementation to A"
566,Offline bus,closed,jinningwang,2024-09-26T12:23:10Z,2024-11-23T21:28:01Z,13,"bug, enhancement",jinningwang,https://github.com/CURENT/andes/issues/566,"**Describe the bug**  When some Buses are offline (`u=0`), they seem to be still in power flow calculation.  **To Reproduce**  In this case, Bus with `idx=1` is connected with Lines with `idx in [0, 3, 6]`  Minimal code: ```python ss = andes.load(andes.get_case('5bus/pjm5bus.xlsx')) ss.Bus.set(src='u', attr='v', idx=1, value=0) ss.PFlow.run() ss.Line.a1.e ``` Return: ```python array([ 1.49607857,  1.59622949, -2.48838663, -0.02059051,  0.21368975,        -2.15862025,  1.49607857]) ``` Expected: "
562,Deprecate native dependency on ``umfpack``,open,jinningwang,2024-08-15T13:59:05Z,2024-08-15T15:14:47Z,3,,cuihantao,https://github.com/CURENT/andes/issues/562,"**Is your feature request related to a problem? Please describe.** The native dependency on ``umfpack`` via ``kvxopt`` can introduce license issue. The involved implementation in ANDES is in: https://github.com/CURENT/andes/blob/5ab784b75347a98d07c004e32d7c4b39d407ea2e/andes/linsolvers/suitesparse.py#L7-L8  Further, it can be traced back to ``SuiteSparse`` via ``kvxopt``: https://github.com/sanurielf/kvxopt/blob/cc4cd9a4f2f27c2f5cac1363ba0f36574b16b0bd/setup.py#L76-L93  **Describe the solution y"
560,Change inertia constants during simulation,closed,JieFeng-cse,2024-08-02T03:06:56Z,2024-08-02T20:18:27Z,1,,cuihantao,https://github.com/CURENT/andes/issues/560,"**Is your feature request related to a problem? Please describe.** A clear and concise description of what the problem is. Ex. I'm always frustrated when [...] We are studying stability-guaranteed control for power systems with time-varying dynamics. We want to change the power system parameters (not the variables) several times during each simulation trajectory. For example, we want to change the inertia constant H (or M in the document) to a pre-set value during one simulation.  **Describe the"
532,Typo in matpower tests,closed,jinningwang,2024-04-13T02:17:44Z,2024-04-13T02:25:11Z,1,bug,cuihantao,https://github.com/CURENT/andes/issues/532,Here seems to be a typo: https://github.com/CURENT/andes/blob/5ab784b75347a98d07c004e32d7c4b39d407ea2e/tests/test_pflow_matpower.py#L76
527,Parameter updating does not reflect in export file,closed,jinningwang,2024-04-07T03:26:24Z,2024-04-07T03:39:01Z,2,"enhancement, low-priority",cuihantao,https://github.com/CURENT/andes/issues/527,"**Is your feature request related to a problem? Please describe.** If a NumParam is updated by ``Model.set()``, it remains to be the original value in exported file.  **Describe the solution you'd like** Add parameter refreshing step to ensure the exported case file is consistent with the case itself.  **Describe alternatives you've considered**  **Additional context** A PDF is attached to replicate the issue, [issue.pdf](https://github.com/CURENT/andes/files/14895661/issue.pdf)  In the followin"
526,Inconsistence between timeseries data shape and variable name with model Output,closed,jinningwang,2024-04-02T15:54:18Z,2024-04-13T02:16:37Z,6,"enhancement, low-priority",jinningwang,https://github.com/CURENT/andes/issues/526,"**Is your feature request related to a problem? Please describe.** When model ``Output`` exist, ``dae.ts.xy`` has only desired variables but ``dae.xy_name`` still has all variables name. This might be confusing when working with output data.  **Describe the solution you'd like** A clear and concise description of what you want to happen.  **Describe alternatives you've considered** A clear and concise description of any alternative solutions or features you've considered.  **Additional context**"
508,Bug with dependency kvxopt 1.3.2.0,closed,jinningwang,2024-02-02T15:02:22Z,2024-03-02T21:36:08Z,2,bug,cuihantao,https://github.com/CURENT/andes/issues/508,"**Describe the bug**  After requirement installation where kvxopt=1.3.2.0, andes cli run into error.  I've made a version limit in AMS requirement: ``kvxopt>=1.3.0.0,!=1.3.2.*``  **To Reproduce**  Create a fresh conda environment and install requirements.txt will run into this error. Terminal command I used is as below:  ```bash (base) jinningwang@jwmba-3 andes % mamba create --name ltb python=3.9  (base) jinningwang@jwmba-3 andes % mamba activate ltb  (ltb) jinningwang@jwmba-3 andes % pip list "
499,Reloading pycode from a custom `user_pycode_path` fails in Python 3.9 due to missing `importlib.util` import,open,willjschmitt,2023-12-07T23:38:49Z,2023-12-08T03:17:47Z,3,bug,cuihantao,https://github.com/CURENT/andes/issues/499,"**Describe the bug** It looks like it was a bug that one could import `import importlib` directly and `importlib.util` was exported as a part of it directly. In Python 3.10, this behavior was changed, which causes an `AttributeError` on the second loading of the pycode from a custom `user_pycode_path`: ``` Traceback (most recent call last):   File ""/home/will/andes_import_lib.py"", line 11, in <module>     system = andes.System(options={""pycode_path"": os.environ[""PYCODE_PATH""]})   File ""/home/wil"
487,Bug in selftest,closed,jinningwang,2023-10-20T20:31:27Z,2023-10-21T02:52:36Z,4,bug,cuihantao,https://github.com/CURENT/andes/issues/487,"**Describe the bug** Command ``andes st`` run into AttributeError, and a full message is excerpted in the last.  **To Reproduce** In a terminal, run ``andes st`` with the current development version. I've reinstall in development mode by ``pip install -e .`` in the ANDES root path.  **Expected behavior** Run self tests.  **Screenshots** If applicable, add screenshots to help explain your problem.  **Desktop (please complete the following information):**  - OS: Darwin (Mac OS)  - ANDES version: 1"
444,FLoad error,closed,jinningwang,2023-04-21T14:17:42Z,2023-04-24T00:05:52Z,1,bug,cuihantao,https://github.com/CURENT/andes/issues/444,"## Error  ANDES version: 1.5.1.post2+ge8465ce0, case: `ieee14_fload.json`  The error occurred in method ``ModelCache.refresh`` in ``model.py``. The error was caused by the bus value being none by ``ss.FLoad.as_dict(vin=True)``. Output results are shown below:  ```python ss.FLoad.as_dict(vin=False)  {'uid': array([0]), ...  'bus': [2]}  ss.FLoad.as_dict(vin=True)  {'uid': array([0]), ...  'bus': array([], dtype=float64)} ```  ## First bad commit  After inspection, the issue first occurred in comm"
443,Problems in the simulation of generator frequency,closed,Cmt111,2023-04-20T11:49:37Z,2023-04-30T16:19:33Z,8,bug,cuihantao,https://github.com/CURENT/andes/issues/443,"I encountered problems in the simulation of generator frequency. I used the file ” ss = andes.load(andes.get_case(""ieee14/ieee14_full.xlsx""), setup=False, default_config=True)”. I increased the active power of the GENROU3 by 0.2p.u. at 7s. It can be seen from the figure that the frequency of the GENROU3 increased.  I am expecting to see that the frequency of five generators will be consistent. But it is strange that the frequency of GENROU3 will not be reduced to be consistent with the other fou"
426,Documentation not being updated after repository transfer,closed,cuihantao,2023-03-14T16:00:52Z,2024-02-02T03:57:02Z,4,,,https://github.com/CURENT/andes/issues/426,"### Discussed in https://github.com/CURENT/andes/discussions/421  <div type='discussions-op-text'>  <sup>Originally posted by **jinningwang** March 12, 2023</sup> Hello Hantao,  Just a kind reminder that I found that the ANDES documentation has not been updated to v1.8.7. Maybe you need to update the git source in ReadTheDocs and the link in the documentation?  Regards, Jinning</div>"
425,Kundur under-damped modes,closed,xiaojiangsi,2023-03-14T06:45:02Z,2023-03-14T15:55:31Z,2,,,https://github.com/CURENT/andes/issues/425,the document says:  The Kundur's two-area system has under-damped modes and two coherent groups of generators. It is suitable for oscillation study and transient stability studies.   how to do that? how to set the under-damped mode?
424,TDS Convergence is not likely.,closed,xiaojiangsi,2023-03-14T06:31:10Z,2024-02-02T03:56:47Z,4,,cuihantao,https://github.com/CURENT/andes/issues/424,"Based on kundur_full.xlsx, I set the fault start from 1.0s to 1.1s at bus 1, and when I run the tds,  it shows the information as follow:  Time step reduced to zero. Convergence is not likely. Simulation terminated at t=1.1000 s.   I wonder why this would happen, how I get the result under the above situation (Based on kundur_full.xlsx, I set the fault start from 1.0s to 1.1s at bus 1).  "
409,借个楼问下崔老师还招phd嘛？,closed,babywade,2023-01-30T05:25:31Z,2023-01-30T05:27:09Z,1,,cuihantao,https://github.com/CURENT/andes/issues/409,本：西安交大 硕：山东大学 有华为数字能源的工作经历。 
380,Data file likely contains references to unsupported models.,closed,seedpower,2022-11-10T01:29:39Z,2022-12-22T16:32:02Z,2,bug,cuihantao,https://github.com/CURENT/andes/issues/380,"``` (base) C:\ProgramData\Anaconda3\Lib\site-packages\andes\cases\ieee39>andes run IEEE39bus.raw --addfile IEEE39bus.dyr -c      _           _         | Version 1.8.2    /_\  _ _  __| |___ ___ | Python 3.9.12 on Windows, 11/10/2022 09:24:27 AM   / _ \| ' \/ _` / -_|_-< |  /_/ \_\_||_\__,_\___/__/ | This program comes with ABSOLUTELY NO WARRANTY.  Working directory: ""C:\ProgramData\Anaconda3\Lib\site-packages\andes\cases\ieee39"" > Loaded config from file ""C:\Users\Administrator\.andes\andes.rc"" >"
353,TGOV1N setpoint for reactive power (qref0) does not seem to be implemented in contrast to documentation,closed,MaKla89,2022-08-08T16:20:47Z,2022-08-08T18:58:57Z,3,bug,cuihantao,https://github.com/CURENT/andes/issues/353,"Regarding the govenor-type TGOV1N and its [documentation ](https://docs.andes.app/en/latest/groupdoc/TurbineGov.html?highlight=tgov1n#tgov1n ) I was able to set `pref0` successfully, but for `qref0` this is not working. `qref0` also seems to not even appear in the rest of the TGOV1N documentation except in the introduction text where it says `Scheduling changes should write to the v fields of pref0 and qref0 in place`.  It appears that qref0 is not yet implemented or the documentation is more ad"
350,Running PFlow after TDS.run(),closed,MaKla89,2022-07-26T15:34:06Z,2022-07-26T20:46:13Z,1,bug,cuihantao,https://github.com/CURENT/andes/issues/350,"Disclaimer: This might just as well be about me being dumb or using andes in a wrong way, but could also be a bug ;)  **Describe the bug** I use the ieee14 benchmark system. I can run powerflow (with PFlow.run()) and then run TDS for an arbitrary number seconds, even with interruptions and mid-simulation setup-changes (like loadjumps via Ppf and Qpf). But I cannot run PFlow at a later point (e.g. at the very end of the TDS). In short: Once TDS was started, I cannot run PFlow without getting the "
337,Time domain simulation of fault failed for system with renewables ,closed,imitator19,2022-06-09T05:33:28Z,2022-07-05T01:00:56Z,11,bug,cuihantao,https://github.com/CURENT/andes/issues/337,"For andes systems with wind or PV, time domain simulation fails at the time of fault: ""Time step reduced to zero. Convergence is not likely.""    Steps to reproduce the behavior: 1. Find the ieee14_wt3.xlsx or ieee14_solar.xlsx attached with andes package 2. Add fault to the system at bus 8: tf = 1, tc = 1.3, xf = 0.0001, rf = 0 3. run time domain simulation 4. See error   "
331,`config_option` fails when the value is a floating number,closed,cuihantao,2022-05-30T21:53:37Z,2022-05-30T21:55:56Z,0,bug,cuihantao,https://github.com/CURENT/andes/issues/331,"By @aaliqureshi   When we access the config settings of the PQ model using 'ss.PQ.config', the values of conversion parameters such as pq2z,p2p etc. appear as floats (0.0,1.0 etc.).   However, when I tried to update the default values by providing a float value (1.0 instead of 1), the command did not run and an error was produced saying invalid config_option option. If I make a on-the-fly change in the config setting using either rway, it works fine."
318,Andes speed calculation,open,jd-lara,2022-04-25T18:53:08Z,2022-04-26T16:18:51Z,11,,,https://github.com/CURENT/andes/issues/318,"I am currently using master in this simulation to test for a generation trip of generator No 5 at Bus 102, here is the set-up the raw and dyr files are in the attached zip file   ```python import andes ss = andes.run(""FourBusMulti.raw"",             addfile=""ThreeBus_multigen.dyr"",                setup=False)  ss.add(""Toggler"", dict(model='SynGen', dev=""GENROU_6"", t=1.0)) ss.setup()  ss.PQ.config.p2p = 0 ss.PQ.config.q2q = 0 ss.PQ.config.p2z = 1 ss.PQ.config.q2z = 1 ss.PQ.pq2z = 0 ss.PFlow.run() "
310,Parsing issue in dyr for HYGOV,closed,rodrigomha,2022-04-15T21:19:09Z,2022-04-18T02:00:30Z,2,bug,cuihantao,https://github.com/CURENT/andes/issues/310,"It seems that parsing dyr files with HYGOV is failing  The raw file I'm using is this one: ``` 0,   100.00, 33, 0, 0, 60.00     / PSS(R)E 33 RAW created by rawd33  SUN, JAN 30 2022  20:47        1,'BUS 1',  20,2,   1,   1,   1,1.03000,  27.0698,1.10000,0.90000,1.10000,0.90000      2,'BUS 2',  20,2,   1,   1,   1,1.01000,  17.3055,1.10000,0.90000,1.10000,0.90000      3,'BUS 3',  20,3,   2,   1,   1,1.03000,   0.0000,1.10000,0.90000,1.10000,0.90000      4,'BUS 4',  20,2,   2,   1,   1,1.01000, -10"
297,variable wt in 'wtdta1.py' is not set up as the type <y>,closed,Wenqi-Cui,2022-03-15T06:42:28Z,2022-03-25T17:13:21Z,8,bug,cuihantao,https://github.com/CURENT/andes/issues/297,"**Describe the bug** A clear and concise description of what the bug is. run TDS for the case 'ieee14_wt3n.xlsx' and find the error  > TypeError: ExtVar <WTPTA1.wt> is of type <y>, but source Vars <RenGovernor.wt> may not.  After checking the source code, it looks like the variable wt in 'wtdta1.py' is not set up as the type <y>. I tried to fix this issue but have not debugged through it in developer mode. Hopefully this issue might be easier to fix on your side.  Thank you very much for your ef"
283,Documentation: Change TDS timeframe in interactive usage,closed,MaKla89,2022-03-02T10:03:21Z,2022-03-06T03:14:05Z,3,,,https://github.com/CURENT/andes/issues/283,"While changing the simulation timeframe is very straightforward and simple for CLI-usage (as it is part of the cheatsheet :) ) I had a somewhat unnecessarily hard time to find out how to change the simulation time in interactive usage:  `ss = andes.run('./cases/5bus/pjm5bus.xlsx', tf=50)`   The solution is stunningly simple, but somehow I had to figure this out with trial and error as the documentation did not mention this setting anywhere else but in the configuration params (while not telling "
261,Documentation definition,closed,jd-lara,2022-02-01T20:12:42Z,2022-02-01T20:27:40Z,2,,,https://github.com/CURENT/andes/issues/261,"The variable Rq0 doesn't seem to defined in the docs for the HYGOV. Is this a service?   <img width=""664"" alt=""image"" src=""https://user-images.githubusercontent.com/16385323/152043761-5e009802-6137-4bf6-a379-b5cdfebdd031.png""> "
214,andes failing with numpy versions containing 'rc' ,closed,sanurielf,2021-10-26T15:16:40Z,2021-10-26T15:19:41Z,0,bug,cuihantao,https://github.com/CURENT/andes/issues/214,"Andes is falling when detecting NumPy versions because it may contain literals like ""rc"" at the end.      **To Reproduce**   `pip install numpy==1.20.0rc2` `pip install andes` `andes prep`  **Expected behavior**  The following output appears:  > Saved generated pycode to ""/Users/urielsandoval/.andes/pycode"" > Loaded generated Python code in ""/Users/urielsandoval/.andes/pycode"". > Traceback (most recent call last): >   File ""/usr/local/bin/andes"", line 33, in <module> >     sys.exit(load_entry_po"
204,Snapshot during time domain simulation,closed,cuihantao,2021-10-20T14:05:18Z,2021-10-31T17:17:21Z,1,,,https://github.com/CURENT/andes/issues/204,"### Discussed in https://github.com/cuihantao/andes/discussions/203  <div type='discussions-op-text'>  <sup>Originally posted by **diodezener** October 20, 2021</sup> Hi Dr. Cui,  I'm wondering is it possible to save a ""snapshot"" of the system during time domain simulation like in PSCAD or PSS/E, which allows a rerun later from the given snapshot in time? </div>"
169,Initialization Test,closed,jinningwang,2021-09-14T18:14:26Z,2021-09-15T02:27:14Z,5,,cuihantao,https://github.com/CURENT/andes/issues/169,"**Is your feature request related to a problem? Please describe.** It will be more convenient to have an initialization test when developing a new model. Users will have a quicker way to know the model quality.  **Describe the solution you'd like** Add a partial test like `andes inittest`, so users can run that command to verify their model during development. Especially if we can have an `andes inittest <model_name>` to test the new model initialization, it will be really convenient.  **Describ"
163,Instantiate `ExtendedEvent` Error,closed,jinningwang,2021-09-01T14:00:01Z,2021-09-02T00:50:01Z,1,bug,cuihantao,https://github.com/CURENT/andes/issues/163,"**Describe the bug** When instantiating an `ExtendedEvent`, the `t_ext` should not be a number. It should come from a `param` or `service`, or there will be an error when running `TDS`.  **To Reproduce** 1. Instantiate an `ExtendedEvent` in the model and set `t_ext=0.02`. 2. Run the TDS.  **Expected behavior** Run TDS without error.  **Screenshots** <img width=""826"" alt=""image"" src=""https://user-images.githubusercontent.com/79226045/131684161-43fce301-aba6-49bc-b27c-1f9c36cf4187.png"">   **Deskto"
162,Run-time error,closed,YaeSakura1,2021-08-27T03:00:47Z,2021-08-28T14:20:13Z,11,bug,cuihantao,https://github.com/CURENT/andes/issues/162,"The following error was reported after running this command ss=andes.run('kundur_vsc.xlsx')  Working directory: ""C:\Users\Administrator\ANDES\ACDC"" Loaded config from file ""C:\Users\Administrator\.andes\andes.rc"" Using generated Python code. Parsing input file ""kundur_vsc.xlsx""... Input file parsed in 0.1026 seconds. System internal structure set up in 0.0249 seconds. -> System connectivity check results:   No islanded bus detected.   A total of 1 island(s) detected.   Each island has a slack bu"
149,Initial Update,closed,pyup-bot,2021-06-13T22:01:42Z,2021-06-13T22:11:14Z,0,,,https://github.com/CURENT/andes/issues/149,"The bot created this issue to inform you that pyup.io has been set up on this repo. Once you have closed it, the bot will open pull requests for updates as soon as they are available. "
146,"andes/andes/case/npcc/npcc.xlsx In ""PQ"" and ""PV"" sheets, why one bus is repeated twice in the column named ""bus"".?",closed,chenggang2333,2021-06-07T01:35:16Z,2021-06-07T15:17:47Z,5,,cuihantao,https://github.com/CURENT/andes/issues/146,"There are two issues confusing me: 1) andes/andes/case/npcc/npcc.xlsx In ""PQ"" and ""PV"" sheets, why one bus is repeated twice in the column named ""bus"".  For example, the 23rd and 24th rows in ""PQ"" sheet; the 53rd and 54th rows in ""PQ"" sheet; the 55th and 56th rows in ""PQ"" sheet; the 4th and 5th rows in ""PV"" sheet.  2) The NPCC case has 140 buses, why the total number of the PQ, the PV, and the SW buses is not equal to 140?  Thank you for your response. I will be appreciative if you could share t"
145,Many buses in PV and PQ are repeated in npcc case,closed,chenggang2333,2021-06-06T23:03:19Z,2021-06-07T01:32:32Z,2,bug,cuihantao,https://github.com/CURENT/andes/issues/145,"**Describe the bug** A clear and concise description of what the bug is.  **To Reproduce** Steps to reproduce the behavior: 1. Go to '...' 2. Run '....' 3. Scroll down to '....' 4. See error  **Expected behavior** A clear and concise description of what you expected to happen.  **Screenshots** If applicable, add screenshots to help explain your problem.  **Desktop (please complete the following information):**  - OS: [e.g. Windows]  - ANDES version (please paste the preamble from `andes`)   **pi"
143,Format converter for .raw and .dyr files,closed,thanever,2021-06-04T04:42:53Z,2021-06-10T13:06:14Z,2,,,https://github.com/CURENT/andes/issues/143,"I'd like to convert .raw and .dyr files into a single .xlsx file. It works to convert the .raw file into .xlsx, while running the command ""andes run xxx.dyr --convert xlsx"" throwed a error ""Unable to determine case format."" So how to realize this conversion? Thanks."
142,test system format,closed,LeZhengThu,2021-06-04T01:47:50Z,2021-06-10T13:05:53Z,5,,,https://github.com/CURENT/andes/issues/142,"Dr. Cui,         I notice that the test system data are contained in *.raw and *.dyr files. It seems that InterPSS also uses those two extensions to define the test system. I wonder what's the original software that defined these two extensions. Where can I find the documentation of the two extensions? I'd like to convert my own system in order to use ANDES or InterPSS. Thanks."
134,Need more information on some models as a power system simulation tool,closed,MrDotJ,2021-04-18T14:04:00Z,2021-04-18T16:43:58Z,1,,cuihantao,https://github.com/CURENT/andes/issues/134,"Hi, there are model references that show the detailed parameters. But is there some introductions or block diagram to have an intuitive understanding of these models such as RenGovernor, RenGen and so on?    Thank you."
132,Output format to PSSE/Matpower,closed,jahanbani,2021-03-24T20:46:18Z,2021-06-07T12:24:44Z,1,,cuihantao,https://github.com/CURENT/andes/issues/132,"I would like to compare some of the results from Andes with PSSE (or Matpower). However, it seems that Andes does not provide a raw format output. Is it possible to add such feature (or does it exist and I have missed it)?  Thank you"
130,LCC-MMC HVDC/MTDC system,closed,YaeSakura1,2021-03-16T02:22:26Z,2021-08-28T23:58:38Z,7,,cuihantao,https://github.com/CURENT/andes/issues/130,"If I need to use ANDES to implement LCC-MMC three-terminal or multi-terminal HVDC transmission system, is it possible? What models and parameters do I need to add? To simulate the switching in MMC, i need an electromagnetic simulation tool ,like PSCAD? Is there a model of LCC or MMC in ANDES?I need to program LCC and MMC models, right? Thank you for your guidance！"
114,play in signal to a network,closed,1rashiid,2021-01-25T20:07:03Z,2021-11-23T17:44:00Z,11,enhancement,cuihantao,https://github.com/CURENT/andes/issues/114,"Does andes have a function as a playback function in PSSE or powerworld? I want to create a model which includes a generator, pss, governor, and an exciter. I want to insert the voltage and frequency into the network and get the real and reactive power as output. Is that possible with andes? thanks "
111,Power flow calculation of AC/DC system,closed,YaeSakura1,2020-12-15T10:51:05Z,2020-12-29T22:15:14Z,1,,,https://github.com/CURENT/andes/issues/111,"Professor Cui Hantao: Sorry for replying your email so late. Thank you for your suggestions and guidance.  I would like to ask you whether you have the system connection diagram of the kundur_vsc.xlsx transformed with the kundur four gernerator and two areas, or I need to draw the wiring diagram according to the table data.  I hope to add LCC and MMC models, it would be better if we can realize multi-terminal mixed DC and MMC-HVDC, and realize power flow calculation of AC-DC system  Thank you ag"
110,Set unit field of trans parameter on Line to bool,closed,rwl,2020-12-15T09:28:55Z,2020-12-29T22:15:24Z,1,bug,cuihantao,https://github.com/CURENT/andes/issues/110,Should the `trans` parameter on the `Line` model have unit `bool`?  https://github.com/cuihantao/andes/blob/3da707a78a9a97326973f90ed68a28e311327851/andes/models/line.py#L31  Similar to the `u` parameter on the `ModelData` class:  https://github.com/cuihantao/andes/blob/3da707a78a9a97326973f90ed68a28e311327851/andes/core/model.py#L197
109,Create a PyIodide package for Andes,open,rwl,2020-12-15T08:36:07Z,2022-10-31T19:33:58Z,10,webapp,cuihantao,https://github.com/CURENT/andes/issues/109,Andes has a complex set of dependencies that potential users might not be willing to install locally. [PyIoidide](https://alpha.iodide.io/) is an exciting new project that could allow Andes to be run within the browser using WebAssembly. Many of the [packages](https://github.com/iodide-project/pyodide/tree/master/packages) that Andes requires have already been ported to PyIodide. If CVXOPT and SymPy were ported it might be possible to create an Andes package:  https://pyodide.readthedocs.io/en/l
108,Use PyFMI to support dynamic models made with other tools,open,rwl,2020-12-14T20:46:03Z,2020-12-14T21:13:18Z,1,,cuihantao,https://github.com/CURENT/andes/issues/108,"Power companies often have custom dynamic models that they are accustomed to using in their simulations. The symbolic modeling features of Andes make it convenient to add new models, but users may wish to reuse existing models and would not be comfortable re-implementing them.  I noticed that [GridDyn](https://github.com/LLNL/GridDyn) has support for the Functional Mock-up Interface (FMI) [standard](https://fmi-standard.org/). The FMI library is implemented in C and there is a Python interface a"
107,Make io functions accept file like objects,closed,rwl,2020-12-13T10:05:26Z,2020-12-14T15:53:25Z,4,,cuihantao,https://github.com/CURENT/andes/issues/107,"**Is your feature request related to a problem? Please describe.** Currently, if I have data in memory that I wish to parse into a `System` it has to be written out to a temporary file and the path passed to a `read` function from an `io` module.  **Describe the solution you'd like** It would be good if the `io` modules had `read_file` functions that would accept file-like objects (e.g. `StringIO`). These could be called from the existing `read` functions that would still take paths and handle o"
105,Bug in GENCLS when ra != 0,closed,cuihantao,2020-12-11T03:51:23Z,2020-12-12T05:16:56Z,1,bug,cuihantao,https://github.com/CURENT/andes/issues/105,**Describe the bug**  Dynamic initialization fails when ra !=0 for classical generator. Need to check if the bug also affects GENROU. 
102,Power flow calculation of AC/DC system,closed,YaeSakura1,2020-12-02T08:45:07Z,2020-12-14T02:55:23Z,3,,cuihantao,https://github.com/CURENT/andes/issues/102,"Respected Professor Hantao Cui：   I am a postgraduate student from Kunming University of Science and Technology, Yunnan Province, China. I would like to use your Andes software to realize the function of ac/DC power flow calculation.   I would be grateful if you could give me some valuable advice on whether this is possible.   Thank you very much"
91,Eigenvalue analysis with zeroed out time constants,closed,cuihantao,2020-10-11T03:12:15Z,2020-12-05T16:47:24Z,1,bug,cuihantao,https://github.com/CURENT/andes/issues/91,"For a differential equation `T \dot{x} = f`, when `T` is zero, it becomes an algebraic equation and should be eliminated through `gy^{-1}` when calculating the state matrix.  ANDES currently removes the rows and columns corresponding to differential equations (and the corresponding state) that have zero time constants. I doubt the approach is correct.  "
90,Multiple PV (or Slack) on the same bus may cause power flow solution to fail,closed,cuihantao,2020-10-11T03:08:46Z,2022-03-11T18:45:00Z,1,bug,cuihantao,https://github.com/CURENT/andes/issues/90,An example is the `case_ACTIVSg70k.m` in the MATPOWER test case.  Solutions - combine them into one? 
86,Specifying `input_path` does not impact `addfile` ,closed,cuihantao,2020-09-08T19:25:23Z,2020-09-10T14:40:51Z,1,bug,cuihantao,https://github.com/CURENT/andes/issues/86,"**Describe the bug** When `input_path` is specified, it impacts the base case file `case` but not the additional file  `addfile`.  **To Reproduce** ``` ss = andes.run(fnamein, addfile=fnamedyr, input_path=dirin, output_path=dirout) # fails ss = andes.run(fnamein, addfile=os.path.join(dirin,fnamedyr), input_path=dirin, output_path=dirout) # works ```  **To Fix** ANDES should detect if `input_path` is specified and whether `case` and `addfile` are relative paths.  - If `input_path` not specified, "
85,Docs and model don't match,closed,jd-lara,2020-07-29T22:54:29Z,2020-08-01T00:20:24Z,4,,,https://github.com/CURENT/andes/issues/85,The equation for `delta0` seems not to match the result from running the line `print(ss.GENROU.doc())`  ![image](https://user-images.githubusercontent.com/16385323/88861766-82153300-d1b3-11ea-94cd-878e614d54bc.png)  ![image](https://user-images.githubusercontent.com/16385323/88861810-9fe29800-d1b3-11ea-9ee7-b27e13f29813.png) 
84,PSS/e interactive load ,closed,jd-lara,2020-07-28T23:23:48Z,2020-07-29T00:32:41Z,9,,,https://github.com/CURENT/andes/issues/84,"I am trying to load pss/e data in interactive Jupyter as follows   ```Python andes.config_logger(stream_level=10) ss = andes.System() andes.io.psse.read(ss, '../andes/cases/psid_files/ThreeBusMulti.raw') andes.io.psse.read_add(ss, '../andes/cases/psid_files/ThreeBus_GENROE.dyr') ss.PFlow.run() ```  and I get this error    ``` Loaded config from file ""/Users/jdlara/.andes/andes.rc"" Non-zero parameter GENCLS.M corrected to 6  -> Power flow calculation Sparse Solver: UMFPACK Method: NR method -----"
83,Counted in user's response time when timing format conversion ,closed,cuihantao,2020-06-05T16:28:07Z,2022-05-22T01:34:21Z,1,"bug, later, low-priority",cuihantao,https://github.com/CURENT/andes/issues/83,"When running `andes run --convert` and the output file exists, the user will be prompted to confirm overwriting. The user's response time is mistakenly counted in the total conversion time.  The timer code is in `andes.io.dump()`, but the confirmation is called in each converter. We will need to refactor the code and let `andes.io.dump()` invoke the confirmation. "
82,Unify tutorial test cases,closed,cuihantao,2020-06-03T15:40:06Z,2022-03-12T04:42:10Z,1,"enhancement, help wanted, later",cuihantao,https://github.com/CURENT/andes/issues/82,"This will improve the documentations.  In the tutorial chapter, use the same folder for all examples to avoid confusion. For example, use `andes/cases/kundur` for all examples.   In the multiprocessing example, one will need to have the MATPOWER data to find case5 and case57.  Provide an example to add `Toggler`."
80,Frequencies in Eigenanalysis report mixed up,closed,rwl,2020-05-27T15:04:55Z,2020-05-27T23:52:20Z,3,bug,cuihantao,https://github.com/CURENT/andes/issues/80,"The damped and undamped frequency calculations in the `eig.py` report method may be the wrong way round.  https://github.com/cuihantao/andes/blob/06dca9249ee1d98025ae47f0e4afdce6072304dd/andes/routines/eig.py#L311-L312  Should the damped frequency use the imaginary part?  The mix up may be due to the slightly confusing way these equations are defined in ""Power System Modeling and Scripting"". It might be worth double checking with the book."
78,Update README.md before v1.0.0 release,closed,cuihantao,2020-05-24T02:00:04Z,2020-05-24T19:45:06Z,0,,cuihantao,https://github.com/CURENT/andes/issues/78,Needs to update README and use the NPCC simulation results.  Mention the verifications and provide links to the folder in both README and the docs landing page.
13,Initialization of multiple generators on buses with multiple PV,closed,cuihantao,2019-09-27T16:50:24Z,2020-04-11T15:09:40Z,1,,,https://github.com/CURENT/andes/issues/13,"During the initialization of synchronous generators, all power generation from static gens is summed up per generator per bus. If two generators are connected to the same bus, they must specify `gammap` and `gammaq` for proper initialization.  If two PVs are connected to bus 1 and only 1 synchronous generator is connected, then one PV will not be properly removed (turned off by `PowerSystem.rmgen()`.  "
11,Fix the gitHub-linguist language autodetect,closed,cuihantao,2019-09-10T03:01:15Z,2019-09-10T15:01:25Z,1,enhancement,,https://github.com/CURENT/andes/issues/11,"After adding the test cases from MATPOWER, the autodetected repository language changed to MATLAB.   Need to configure `.gitattributes` and ignore folder `cases`."
9,"Minor typo in units: ""omh"" -> ""ohm""",closed,rwl,2019-02-22T14:37:23Z,2019-02-22T14:58:09Z,1,bug,cuihantao,https://github.com/CURENT/andes/issues/9,"There are a few places where ""ohm"" has been misspelled:  https://github.com/cuihantao/andes/search?q=omh"
8,Line v2 property identical to v1 property,closed,rwl,2019-02-21T15:11:06Z,2019-02-22T14:53:50Z,4,,,https://github.com/CURENT/andes/issues/8,"Should the last line of the v2 property read:  ```python return polar(Vm[self.a2], Va[self.a2]) ```  Otherwise, it is identical to the v1 property above.  https://github.com/cuihantao/andes/blob/6818dcc86bd7e1a5028b5be1deee3d6b4171c540/andes/models/line.py#L384-L396"
